{"train/loss": 6.1452, "train/learning_rate": 2.6666666666666667e-07, "train/epoch": 12.0, "train/global_step": 80, "_timestamp": 1684796220.478055, "_runtime": 9472.714828014374, "_step": 3}